        44,        36,         8,        12
         6,        32,        24,        16
         7,        19,        56,        48
        11,        23,        60,        13
        27,        72,        64,        17
        10,        31,        76,        20
        35,        88,        80,        25
         9,        39,        92,        28
         5,        43,        96,        33
        47,       108,       100,        37
         4,        51,       112,        40
        15,        55,       116,        45
        59,       128,       120,        49
        14,        63,       132,        52
        18,        67,       136,        57
        22,        71,       140,        61
        75,       152,       144,        65
        21,        79,       156,        68
        26,        83,       160,        73
        30,        87,       164,        77
        91,       176,       168,        81
        29,        95,       180,        84
        34,        99,       184,        89
        38,       103,       188,        93
        42,       107,       192,        97
       111,       204,       196,       101
        41,       115,       208,       104
        46,       119,       212,       109
        50,       123,       216,       113
        54,       127,       220,       117
       131,       232,       224,       121
        53,       135,       236,       124
        58,       139,       240,       129
        62,       143,       244,       133
        66,       147,       248,       137
        70,       151,       252,       141
       155,       264,       256,       145
        69,       159,       268,       148
        74,       163,       272,       153
        78,       167,       276,       157
        82,       171,       280,       161
        86,       175,       284,       165
       179,       296,       288,       169
        85,       183,       300,       172
        90,       187,       304,       177
        94,       191,       308,       181
        98,       195,       312,       185
       102,       199,       316,       189
       106,       203,       320,       193
       207,       332,       324,       197
       105,       211,       336,       200
       110,       215,       340,       205
       114,       219,       344,       209
       118,       223,       348,       213
       122,       227,       352,       217
       126,       231,       356,       221
       235,       368,       360,       225
       125,       239,       372,       228
       130,       243,       376,       233
       134,       247,       380,       237
       138,       251,       384,       241
       142,       255,       388,       245
       146,       259,       392,       249
       150,       263,       396,       253
       267,       408,       400,       257
       149,       271,       412,       260
       154,       275,       416,       265
       158,       279,       420,       269
       162,       283,       424,       273
       166,       287,       428,       277
       170,       291,       432,       281
       174,       295,       436,       285
       299,       448,       440,       289
       173,       303,       452,       292
       178,       307,       456,       297
       182,       311,       460,       301
       186,       315,       464,       305
       190,       319,       471,       309
       194,       323,       468,       313
       198,       327,       472,       317
       202,       331,       476,       321
       335,       488,       480,       325
       201,       339,       492,       328
       206,       343,       496,       333
       210,       347,       500,       337
       214,       351,       504,       341
       218,       355,       508,       345
       222,       359,       512,       349
       226,       363,       516,       353
       230,       367,       520,       357
       371,       532,       524,       361
       229,       375,       536,       364
       234,       379,       540,       369
       238,       383,       544,       373
       242,       387,       548,       377
       246,       391,       552,       381
       250,       395,       556,       385
       254,       399,       560,       389
       258,       403,       564,       393
       262,       407,       568,       397
       411,       580,       572,       401
       261,       415,       584,       404
       266,       419,       588,       409
       270,       423,       592,       413
       274,       427,       596,       417
       278,       431,       600,       421
       282,       435,       604,       425
       286,       439,       608,       429
       290,       443,       612,       433
       294,       447,       616,       437
       451,       628,       620,       441
       293,       455,       632,       444
       298,       459,       636,       449
       302,       463,       640,       453
       306,       467,       644,       457
       310,       470,       648,       461
       318,       475,       465,       314
       322,       479,       652,       469
       326,       483,       656,       473
       330,       487,       660,       477
       491,       672,       664,       481
       329,       495,       676,       484
       334,       499,       680,       489
       338,       503,       684,       493
       342,       507,       688,       497
       346,       511,       692,       501
       350,       515,       696,       505
       354,       519,       700,       509
       358,       523,       704,       513
       362,       527,       708,       517
       366,       531,       712,       521
       535,       724,       716,       525
       365,       539,       728,       528
       370,       543,       732,       533
       374,       547,       736,       537
       378,       551,       740,       541
       382,       555,       744,       545
       386,       559,       748,       549
       390,       563,       752,       553
       394,       567,       756,       557
       398,       571,       760,       561
       402,       575,       764,       565
       406,       579,       768,       569
       583,       780,       772,       573
       405,       587,       784,       576
       410,       591,       788,       581
       414,       595,       792,       585
       418,       599,       796,       589
       422,       603,       800,       593
       426,       607,       807,       597
       430,       611,       804,       601
       434,       615,       808,       605
       438,       619,       812,       609
       442,       623,       816,       613
       446,       627,       820,       617
       631,       832,       824,       621
       445,       635,       836,       624
       450,       639,       840,       629
       454,       643,       844,       633
       458,       647,       848,       637
       462,       651,       852,       641
       466,       655,       856,       645
       474,       659,       860,       649
       478,       663,       864,       653
       482,       667,       868,       657
       486,       671,       872,       661
       675,       884,       876,       665
       485,       679,       888,       668
       490,       683,       892,       673
       494,       687,       896,       677
       498,       691,       900,       681
       502,       695,       904,       685
       506,       699,       908,       689
       510,       703,       912,       693
       514,       707,       916,       697
       518,       711,       923,       701
       522,       715,       920,       705
       526,       719,       924,       709
       530,       723,       928,       713
       727,       940,       932,       717
       529,       731,       944,       720
       534,       735,       948,       725
       538,       739,       952,       729
       542,       743,       956,       733
       546,       747,       960,       737
       550,       751,       964,       741
       554,       755,       968,       745
       558,       759,       972,       749
       562,       763,       976,       753
       566,       767,       980,       757
       570,       771,       984,       761
       574,       775,       988,       765
       578,       779,       992,       769
       783,      1004,       996,       773
       577,       787,      1008,       776
       582,       791,      1012,       781
       586,       795,      1016,       785
       590,       799,      1020,       789
       594,       803,      1024,       793
       598,       806,      1028,       797
       606,       811,       801,       602
       610,       815,      1032,       805
       614,       819,      1036,       809
       618,       823,      1040,       813
       622,       827,      1044,       817
       626,       831,      1048,       821
       835,      1060,      1052,       825
       625,       839,      1064,       828
       630,       843,      1068,       833
       634,       847,      1072,       837
       638,       851,      1076,       841
       642,       855,      1080,       845
       646,       859,      1084,       849
       650,       863,      1088,       853
       654,       867,      1092,       857
       658,       871,      1096,       861
       662,       875,      1100,       865
       666,       879,      1104,       869
       670,       883,      1108,       873
       887,      1120,      1112,       877
       669,       891,      1124,       880
       674,       895,      1128,       885
       678,       899,      1132,       889
       682,       903,      1136,       893
       686,       907,      1140,       897
       690,       911,      1144,       901
       694,       915,      1148,       905
       698,       919,      1152,       909
       702,       922,      1156,       913
       710,       927,       917,       706
       714,       931,      1160,       921
       718,       935,      1164,       925
       722,       939,      1168,       929
       943,      1180,      1172,       933
       721,       947,      1184,       936
       726,       951,      1188,       941
       730,       955,      1192,       945
       734,       959,      1196,       949
       738,       963,      1200,       953
       742,       967,      1204,       957
       746,       971,      1208,       961
       750,       975,      1212,       965
       754,       979,      1216,       969
       758,       983,      1220,       973
       762,       987,      1224,       977
       766,       991,      1228,       981
       770,       995,      1232,       985
       774,       999,      1236,       989
       778,      1003,      1240,       993
      1007,      1252,      1244,       997
       777,      1011,      1256,      1000
       782,      1015,      1260,      1005
       786,      1019,      1264,      1009
       790,      1023,      1268,      1013
       794,      1027,      1272,      1017
       798,      1031,      1276,      1021
       802,      1035,      1280,      1025
       810,      1039,      1284,      1029
       814,      1043,      1288,      1033
       818,      1047,      1292,      1037
       822,      1051,      1296,      1041
       826,      1055,      1300,      1045
       830,      1059,      1304,      1049
      1063,      1316,      1308,      1053
       829,      1067,      1320,      1056
       834,      1071,      1324,      1061
       838,      1075,      1328,      1065
       842,      1079,      1332,      1069
       846,      1083,      1336,      1073
       850,      1087,      1340,      1077
       854,      1091,      1344,      1081
       858,      1095,      1348,      1085
       862,      1099,      1352,      1089
       866,      1103,      1356,      1093
       870,      1107,      1360,      1097
       874,      1111,      1364,      1101
       878,      1115,      1368,      1105
       882,      1119,      1372,      1109
      1123,      1384,      1376,      1113
       881,      1127,      1388,      1116
       886,      1131,      1392,      1121
       890,      1135,      1396,      1125
       894,      1139,      1400,      1129
       898,      1143,      1404,      1133
       902,      1147,      1408,      1137
       906,      1151,      1412,      1141
       910,      1155,      1416,      1145
       914,      1159,      1420,      1149
       918,      1163,      1424,      1153
       926,      1167,      1428,      1157
       930,      1171,      1432,      1161
       934,      1175,      1436,      1165
       938,      1179,      1440,      1169
      1183,      1452,      1444,      1173
       937,      1187,      1456,      1176
       942,      1191,      1460,      1181
       946,      1195,      1464,      1185
       950,      1199,      1468,      1189
       954,      1203,      1472,      1193
       958,      1207,      1476,      1197
       962,      1211,      1480,      1201
       966,      1215,      1484,      1205
       970,      1219,      1488,      1209
       974,      1223,      1492,      1213
       978,      1227,      1496,      1217
       982,      1231,      1500,      1221
       986,      1235,      1504,      1225
       990,      1239,      1508,      1229
       994,      1243,      1512,      1233
       998,      1247,      1516,      1237
      1002,      1251,      1520,      1241
      1255,      1532,      1524,      1245
      1001,      1259,      1536,      1248
      1006,      1263,      1540,      1253
      1010,      1267,      1544,      1257
      1014,      1271,      1548,      1261
      1018,      1275,      1552,      1265
      1022,      1279,      1556,      1269
      1026,      1283,      1560,      1273
      1030,      1287,      1564,      1277
      1034,      1291,      1568,      1281
      1038,      1295,      1572,      1285
      1042,      1299,      1576,      1289
      1046,      1303,      1580,      1293
      1050,      1307,      1584,      1297
      1054,      1311,      1588,      1301
      1058,      1315,      1592,      1305
      1319,      1604,      1596,      1309
      1057,      1323,      1608,      1312
      1062,      1327,      1612,      1317
      1066,      1331,      1616,      1321
      1070,      1335,      1620,      1325
      1074,      1339,      1624,      1329
      1078,      1343,      1628,      1333
      1082,      1347,      1632,      1337
      1086,      1351,      1636,      1341
      1090,      1355,      1640,      1345
      1094,      1359,      1644,      1349
      1098,      1363,      1648,      1353
      1102,      1367,      1652,      1357
      1106,      1371,      1656,      1361
      1110,      1375,      1660,      1365
      1114,      1379,      1664,      1369
      1118,      1383,      1668,      1373
      1387,      1680,      1672,      1377
      1117,      1391,      1687,      1380
      1122,      1395,      1684,      1385
      1126,      1399,      1688,      1389
      1130,      1403,      1692,      1393
      1134,      1407,      1696,      1397
      1138,      1411,      1700,      1401
      1142,      1415,      1704,      1405
      1146,      1419,      1708,      1409
      1150,      1423,      1712,      1413
      1154,      1427,      1716,      1417
      1158,      1431,      1720,      1421
      1162,      1435,      1724,      1425
      1166,      1439,      1728,      1429
      1170,      1443,      1732,      1433
      1174,      1447,      1736,      1437
      1178,      1451,      1740,      1441
      1455,      1752,      1744,      1445
      1177,      1459,      1756,      1448
      1182,      1463,      1760,      1453
      1186,      1467,      1764,      1457
      1190,      1471,      1768,      1461
      1194,      1475,      1772,      1465
      1198,      1479,      1776,      1469
      1202,      1483,      1780,      1473
      1206,      1487,      1784,      1477
      1210,      1491,      1788,      1481
      1214,      1495,      1792,      1485
      1218,      1499,      1796,      1489
      1222,      1503,      1797,      1493
      1226,      1507,      1800,      1497
      1230,      1511,      1804,      1501
      1234,      1515,      1808,      1505
      1238,      1519,      1812,      1509
      1242,      1523,      1816,      1513
      1246,      1527,      1820,      1517
      1250,      1531,      1824,      1521
      1535,      5178,      1828,      1525
      1249,      1539,      1832,      1528
      1254,      1543,      1836,      1533
      1258,      1547,      1840,      1537
      1262,      1551,      1844,      1541
      1266,      1555,      1848,      1545
      1270,      1559,      1852,      1549
      1274,      1563,      5197,      1553
      1278,      1567,      5201,      1557
      1282,      1571,      1856,      1561
      1286,      1575,      1860,      1565
      1290,      1579,      1864,      1569
      1294,      1583,      1868,      1573
      1298,      1587,      1872,      1577
      1302,      1591,      1876,      1581
      1306,      1595,      1883,      1585
      1310,      1599,      1880,      1589
      1314,      1603,      1884,      1593
      1607,      1896,      1888,      1597
      1313,      1611,      1900,      1600
      1318,      1615,      1904,      1605
      1322,      1619,      1908,      1609
      1326,      1623,      1912,      1613
      1330,      1627,      1916,      1617
      1334,      1631,      1920,      1621
      1338,      1635,      1924,      1625
      1342,      1639,      1928,      1629
      1346,      1643,      1932,      1633
      1350,      1647,      1936,      1637
      1354,      1651,      1943,      1641
      1358,      1655,      1940,      1645
      1362,      1659,      1944,      1649
      1366,      1663,      1948,      1653
      1370,      1667,      1952,      1657
      1374,      1671,      1956,      1661
      1378,      1675,      1960,      1665
      1382,      1679,      1964,      1669
      1683,      1976,      1968,      1673
      1381,      1686,      1980,      1676
      1390,      1691,      1681,      1386
      1394,      1695,      1984,      1685
      1398,      1699,      1988,      1689
      1402,      1703,      1992,      1693
      1406,      1707,      1996,      1697
      1410,      1711,      2000,      1701
      1414,      1715,      2004,      1705
      1418,      1719,      2008,      1709
      1422,      1723,      2012,      1713
      1426,      1727,      2016,      1717
      1430,      1731,      2020,      1721
      1434,      1735,      2024,      1725
      1438,      1739,      2028,      1729
      1442,      1743,      2032,      1733
      1446,      1747,      2036,      1737
      1450,      1751,      2040,      1741
      1755,      2052,      2044,      1745
      1449,      1759,      2056,      1748
      1454,      1763,      2060,      1753
      1458,      1767,      2064,      1757
      1462,      1771,      2068,      1761
      1466,      1775,      2072,      1765
      1470,      1779,      2076,      1769
      1474,      1783,      2080,      1773
      1478,      1787,      2084,      1777
      1482,      1791,      2088,      1781
      1486,      1795,      2092,      1785
      1490,      1799,      2096,      1789
      1494,      1498,      1803,      1793
      1502,      1807,      2097,      1798
      1506,      1811,      2100,      1801
      1510,      1815,      2104,      1805
      1514,      1819,      2108,      1809
      1518,      1823,      2112,      1813
      1522,      1827,      2116,      1817
      1526,      1831,      2120,      1821
      1530,      5182,      2124,      1825
      1534,      1839,      2396,      5179
      1538,      1843,      2128,      1833
      1542,      1847,      2132,      1837
      1546,      1851,      2136,      1841
      1550,      1855,      2140,      1845
      1554,      5196,      2144,      1849
      1566,      1863,      2148,      5202
      1570,      1867,      2152,      1857
      1574,      1871,      2156,      1861
      1578,      1875,      2160,      1865
      1582,      1879,      2164,      1869
      1586,      1882,      2168,      1873
      1594,      1887,      1877,      1590
      1598,      1891,      2172,      1881
      1602,      1895,      2176,      1885
      1899,      2188,      2180,      1889
      1601,      1903,      2192,      1892
      1606,      1907,      2196,      1897
      1610,      1911,      2203,      1901
      1614,      1915,      2200,      1905
      1618,      1919,      2204,      1909
      1622,      1923,      2208,      1913
      1626,      1927,      2212,      1917
      1630,      1931,      2216,      1921
      1634,      1935,      2220,      1925
      1638,      1939,      2224,      1929
      1642,      1942,      2228,      1933
      1650,      1947,      1937,      1646
      1654,      1951,      2232,      1941
      1658,      1955,      2236,      1945
      1662,      1959,      2240,      1949
      1666,      1963,      2244,      1953
      1670,      1967,      2248,      1957
      1674,      1971,      2252,      1961
      1678,      1975,      2256,      1965
      1979,      2268,      2260,      1969
      1677,      1983,      2272,      1972
      1682,      1987,      2276,      1977
      1690,      1991,      2280,      1981
      1694,      1995,      2284,      1985
      1698,      1999,      2288,      1989
      1702,      2003,      2292,      1993
      1706,      2007,      2296,      1997
      1710,      2011,      2300,      2001
      1714,      2015,      2304,      2005
      1718,      2019,      2308,      2009
      1722,      2023,      2312,      2013
      1726,      2027,      2316,      2017
      1730,      2031,      2320,      2021
      1734,      2035,      2324,      2025
      1738,      2039,      2328,      2029
      1742,      2043,      2332,      2033
      1746,      2047,      2336,      2037
      1750,      2051,      2340,      2041
      2055,      2352,      2344,      2045
      1749,      2059,      2356,      2048
      1754,      2063,      2360,      2053
      1758,      2067,      2364,      2057
      1762,      2071,      2368,      2061
      1766,      2075,      2372,      2065
      1770,      2079,      2379,      2069
      1774,      2083,      2376,      2073
      1778,      2087,      2380,      2077
      1782,      2091,      2384,      2081
      1786,      2095,      2388,      2085
      1790,      2099,      2392,      2089
      1794,      1802,      2103,      2093
      1806,      2107,      2400,      2098
      1810,      2111,      2404,      2101
      1814,      2115,      2408,      2105
      1818,      2119,      2412,      2109
      1822,      2123,      2416,      2113
      1826,      2127,      2420,      2117
      1830,      5186,      2424,      2121
      1838,      2135,      2440,      2397
      1842,      2139,      2444,      2129
      1846,      2143,      2448,      2133
      1850,      2147,      2452,      2137
      1854,      5192,      2459,      2141
      1858,      2155,      2456,      5195
      1862,      2159,      2460,      2149
      1866,      2163,      2464,      2153
      1870,      2167,      2468,      2157
      1874,      2171,      2472,      2161
      1878,      2175,      2476,      2165
      1886,      2179,      2480,      2169
      1890,      2183,      2484,      2173
      1894,      2187,      2488,      2177
      2191,      2500,      2492,      2181
      1893,      2195,      2504,      2184
      1898,      2199,      2508,      2189
      1902,      2202,      2512,      2193
      1910,      2207,      2197,      1906
      1914,      2211,      2516,      2201
      1918,      2215,      2520,      2205
      1922,      2219,      2524,      2209
      1926,      2223,      2528,      2213
      1930,      2227,      2532,      2217
      1934,      2231,      2536,      2221
      1938,      2235,      2540,      2225
      1946,      2239,      2544,      2229
      1950,      2243,      2548,      2233
      1954,      2247,      2555,      2237
      1958,      2251,      2552,      2241
      1962,      2255,      2556,      2245
      1966,      2259,      2560,      2249
      1970,      2263,      2564,      2253
      1974,      2267,      2568,      2257
      2271,      2580,      2572,      2261
      1973,      2275,      2584,      2264
      1978,      2279,      2588,      2269
      1982,      2283,      2592,      2273
      1986,      2287,      2596,      2277
      1990,      2291,      2600,      2281
      1994,      2295,      2604,      2285
      1998,      2299,      2608,      2289
      2002,      2303,      2612,      2293
      2006,      2307,      2880,      2297
      2010,      2311,      2879,      2301
      2014,      2315,      2708,      2305
      2018,      2319,      2712,      2309
      2022,      2323,      2716,      2313
      2026,      2327,      2720,      2317
      2030,      2331,      2724,      2321
      2034,      2335,      2728,      2325
      2038,      2339,      2732,      2329
      2042,      2343,      2736,      2333
      2046,      2347,      2740,      2337
      2050,      2351,      2744,      2341
      2355,      2620,      2748,      2345
      2049,      2359,      2624,      2348
      2054,      2363,      2628,      2353
      2058,      2367,      2632,      2357
      2062,      2371,      2636,      2361
      2066,      2375,      2640,      2365
      2070,      2378,      2644,      2369
      2078,      2383,      2373,      2074
      2082,      2387,      2648,      2377
      2086,      2391,      2652,      2381
      2090,      2395,      2656,      2385
      2094,      2403,      2660,      2389
      1834,      2131,      2436,      5189
      2102,      2407,      2664,      2393
      2106,      2411,      2668,      2401
      2110,      2415,      2672,      2405
      2114,      2419,      2676,      2409
      2118,      2423,      2680,      2413
      2122,      2427,      2684,      2417
      2126,      2431,      2688,      2421
      5185,      2616,      2692,      2425
      5190,      2439,      2852,      2705
      2398,      2443,      2856,      2433
      2130,      2447,      2860,      2437
      2134,      2451,      2864,      2441
      2138,      2455,      2868,      2445
      2142,      2458,      2872,      2449
      2150,      2463,      2453,      2146
      2154,      2467,      2873,      2457
      2158,      2471,      2884,      2461
      2162,      2475,      2888,      2465
      2166,      2479,      2892,      2469
      2170,      2483,      2896,      2473
      2174,      2487,      2900,      2477
      2178,      2491,      2904,      2481
      2182,      2495,      2908,      2485
      2186,      2499,      2912,      2489
      2503,      2924,      2916,      2493
      2185,      2507,      2928,      2496
      2190,      2511,      2932,      2501
      2194,      2515,      2936,      2505
      2198,      2519,      2940,      2509
      2206,      2523,      2944,      2513
      2210,      2527,      2948,      2517
      2214,      2531,      2952,      2521
      2218,      2535,      2959,      2525
      2222,      2539,      2956,      2529
      2226,      2543,      2960,      2533
      2230,      2547,      2964,      2537
      2234,      2551,      2968,      2541
      2238,      2554,      2972,      2545
      2246,      2559,      2549,      2242
      2250,      2563,      2976,      2553
      2254,      2567,      2980,      2557
      2258,      2571,      2984,      2561
      2262,      2575,      2988,      2565
      2266,      2579,      2992,      2569
      2583,      3004,      2996,      2573
      2265,      2587,      3008,      2576
      2270,      2591,      3012,      2581
      2274,      2595,      3016,      2585
      2278,      2599,      3020,      2589
      2282,      2603,      3024,      2593
      2286,      2607,      3028,      2597
      2290,      2611,      3032,      2601
      2294,      2615,      5208,      2605
      2298,      2883,      5212,      2609
      2429,      5207,      2704,      2696
      2349,      2627,      2760,      2752
      2354,      2631,      2764,      2621
      2358,      2635,      2768,      2625
      2362,      2639,      2772,      2629
      2366,      2643,      2776,      2633
      2370,      2647,      2780,      2637
      2374,      2651,      2784,      2641
      2382,      2655,      2788,      2645
      2386,      2659,      2792,      2649
      2390,      2663,      2796,      2653
      2394,      2667,      2800,      2657
      2402,      2671,      2807,      2661
      2406,      2675,      2804,      2665
      2410,      2679,      2808,      2669
      2414,      2683,      2812,      2673
      2418,      2687,      2816,      2677
      2422,      2691,      2820,      2681
      2426,      2695,      2824,      2685
      2430,      2699,      2828,      2689
      2619,      2703,      2832,      2693
      2707,      2844,      2836,      2697
      2618,      2435,      2848,      2700
      2310,      2715,      3044,      2876
      2314,      2719,      3048,      2709
      2318,      2723,      3052,      2713
      2322,      2727,      3056,      2717
      2326,      2731,      3060,      2721
      2330,      2735,      3064,      2725
      2334,      2739,      3068,      2729
      2338,      2743,      3072,      2733
      2342,      2747,      3076,      2737
      2346,      2751,      3083,      2741
      2350,      2755,      3080,      2745
      2623,      2759,      3084,      2749
      2763,      3096,      3088,      2753
      2622,      2767,      3100,      2756
      2626,      2771,      3104,      2761
      2630,      2775,      3108,      2765
      2634,      2779,      3112,      2769
      2638,      2783,      3116,      2773
      2642,      2787,      3123,      2777
      2646,      2791,      3120,      2781
      2650,      2795,      3124,      2785
      2654,      2799,      3128,      2789
      2658,      2803,      3132,      2793
      2662,      2806,      3136,      2797
      2670,      2811,      2801,      2666
      2674,      2815,      3140,      2805
      2678,      2819,      3144,      2809
      2682,      2823,      3148,      2813
      2686,      2827,      3152,      2817
      2690,      2831,      3156,      2821
      2694,      2835,      3160,      2825
      2698,      2839,      3164,      2829
      2702,      2843,      3168,      2833
      2847,      3180,      3172,      2837
      2701,      2851,      3184,      2840
      2706,      2855,      3188,      2845
      2434,      2859,      3192,      2849
      2438,      2863,      3196,      2853
      2442,      2867,      3200,      2857
      2446,      2871,      3204,      2861
      2450,      2875,      3208,      2865
      2454,      2462,      2887,      2869
      2711,      3040,      2881,      2306
      2302,      2878,      3036,      2613
      2466,      2891,      3209,      2874
      2470,      2895,      3212,      2885
      2474,      2899,      3216,      2889
      2478,      2903,      3220,      2893
      2482,      2907,      3224,      2897
      2486,      2911,      3228,      2901
      2490,      2915,      3232,      2905
      2494,      2919,      3236,      2909
      2498,      2923,      3240,      2913
      2927,      3252,      3244,      2917
      2497,      2931,      3256,      2920
      2502,      2935,      3260,      2925
      2506,      2939,      3264,      2929
      2510,      2943,      3268,      2933
      2514,      2947,      3272,      2937
      2518,      2951,      3276,      2941
      2522,      2955,      3280,      2945
      2526,      2958,      3284,      2949
      2534,      2963,      2953,      2530
      2538,      2967,      3288,      2957
      2542,      2971,      3292,      2961
      2546,      2975,      3296,      2965
      2550,      2979,      3300,      2969
      2558,      2983,      3304,      2973
      2562,      2987,      3308,      2977
      2566,      2991,      3312,      2981
      2570,      2995,      3316,      2985
      2574,      2999,      3320,      2989
      2578,      3003,      3324,      2993
      3007,      3336,      3328,      2997
      2577,      3011,      3340,      3000
      2582,      3015,      3344,      3005
      2586,      3019,      3348,      3009
      2590,      3023,      3352,      3013
      2594,      3027,      3356,      3017
      2598,      3031,      3360,      3021
      2602,      3035,      3364,      3025
      2606,      5211,      3368,      3029
      2882,      3043,      3372,      5213
      2877,      3047,      3373,      3037
      2710,      3051,      3379,      3041
      2714,      3055,      3376,      3045
      2718,      3059,      5230,      3049
      2722,      3063,      3380,      3053
      2726,      3067,      3384,      3057
      2730,      3071,      3388,      3061
      2734,      3075,      3392,      3065
      2738,      3079,      3396,      3069
      2742,      3082,      3400,      3073
      2750,      3087,      3077,      2746
      2754,      3091,      3404,      3081
      2758,      3095,      3408,      3085
      3099,      3420,      3412,      3089
      2757,      3103,      3424,      3092
      2762,      3107,      3428,      3097
      2766,      3111,      3432,      3101
      2770,      3115,      3436,      3105
      2774,      3119,      3440,      3109
      2778,      3122,      3444,      3113
      2786,      3127,      3117,      2782
      2790,      3131,      3448,      3121
      2794,      3135,      3452,      3125
      2798,      3139,      3459,      3129
      2802,      3143,      3456,      3133
      2810,      3147,      3460,      3137
      2814,      3151,      3464,      3141
      2818,      3155,      3468,      3145
      2822,      3159,      3472,      3149
      2826,      3163,      3476,      3153
      2830,      3167,      3480,      3157
      2834,      3171,      3484,      3161
      2838,      3175,      3488,      3165
      2842,      3179,      3492,      3169
      3183,      3504,      3496,      3173
      2841,      3187,      3508,      3176
      2846,      3191,      3512,      3181
      2850,      3195,      3516,      3185
      2854,      3199,      3520,      3189
      2858,      3203,      3524,      3193
      2862,      3207,      3528,      3197
      2866,      3211,      3532,      3201
      2870,      2886,      3215,      3205
      2890,      3219,      3536,      3210
      2894,      3223,      3540,      3213
      2898,      3227,      3544,      3217
      2902,      3231,      3548,      3221
      2906,      3235,      3552,      3225
      2910,      3239,      3556,      3229
      2914,      3243,      3560,      3233
      2918,      3247,      3564,      3237
      2922,      3251,      3568,      3241
      3255,      3580,      3572,      3245
      2921,      3259,      3584,      3248
      2926,      3263,      3588,      3253
      2930,      3267,      3592,      3257
      2934,      3271,      3596,      3261
      2938,      3275,      3600,      3265
      2942,      3279,      3604,      3269
      2946,      3283,      3608,      3273
      2950,      3287,      3612,      3277
      2954,      3291,      3616,      3281
      2962,      3295,      3623,      3285
      2966,      3299,      3620,      3289
      2970,      3303,      3624,      3293
      2974,      3307,      3628,      3297
      2978,      3311,      3632,      3301
      2982,      3315,      3636,      3305
      2986,      3319,      3640,      3309
      2990,      3323,      3644,      3313
      2994,      3327,      3648,      3317
      2998,      3331,      3652,      3321
      3002,      3335,      3656,      3325
      3339,      3668,      3660,      3329
      3001,      3343,      3672,      3332
      3006,      3347,      3676,      3337
      3010,      3351,      3680,      3341
      3014,      3355,      3684,      3345
      3018,      3359,      3688,      3349
      3022,      3363,      3692,      3353
      3026,      3367,      3696,      3357
      3030,      3371,      3700,      3361
      3034,      5223,      3704,      3365
      3038,      3042,      3378,      5217
      3050,      5229,      3374,      3046
      3058,      3387,      3708,      5226
      3062,      3391,      3712,      3381
      3066,      3395,      3716,      3385
      3070,      3399,      3720,      3389
      3074,      3403,      3724,      3393
      3078,      3407,      3728,      3397
      3086,      3411,      3732,      3401
      3090,      3415,      3736,      3405
      3094,      3419,      3740,      3409
      3423,      3752,      3744,      3413
      3093,      3427,      3756,      3416
      3098,      3431,      3760,      3421
      3102,      3435,      3764,      3425
      3106,      3439,      3768,      3429
      3110,      3443,      3772,      3433
      3114,      3447,      3776,      3437
      3118,      3451,      3780,      3441
      3126,      3455,      3784,      3445
      3130,      3458,      3788,      3449
      3138,      3463,      3453,      3134
      3142,      3467,      3789,      3457
      3146,      3471,      3881,      3461
      3150,      3475,      3968,      3465
      3154,      3479,      3972,      3469
      3158,      3483,      3976,      3473
      3162,      3487,      3980,      3477
      3166,      3491,      3984,      3481
      3170,      3495,      3988,      3485
      3174,      3499,      3992,      3489
      3178,      3503,      3996,      3493
      3507,      4008,      4000,      3497
      3177,      3511,      4012,      3500
      3182,      3515,      4016,      3505
      3186,      3519,      4020,      3509
      3190,      3523,      4024,      3513
      3194,      3527,      4028,      3517
      3198,      3531,      4032,      3521
      3202,      3535,      4039,      3525
      3206,      3539,      4036,      3529
      3214,      3543,      4040,      3533
      3218,      3547,      4044,      3537
      3222,      3551,      4048,      3541
      3226,      3555,      4052,      3545
      3230,      3559,      4056,      3549
      3234,      3563,      4060,      3553
      3238,      3567,      4064,      3557
      3242,      3571,      4068,      3561
      3246,      3575,      4075,      3565
      3250,      3579,      4072,      3569
      3583,      4084,      4076,      3573
      3249,      3587,      4088,      3576
      3254,      3591,      4092,      3581
      3258,      3595,      4096,      3585
      3262,      3599,      4100,      3589
      3266,      3603,      4104,      3593
      3270,      3607,      4108,      3597
      3274,      3611,      4112,      3601
      3278,      3615,      4116,      3605
      3282,      3619,      4120,      3609
      3286,      3622,      3887,      3613
      3294,      3627,      3617,      3290
      3298,      3631,      3884,      3621
      3302,      3635,      3888,      3625
      3306,      3639,      3892,      3629
      3310,      3643,      3896,      3633
      3314,      3647,      3900,      3637
      3318,      3651,      3904,      3641
      3322,      3655,      3908,      3645
      3326,      3659,      3912,      3649
      3330,      3663,      3916,      3653
      3334,      3667,      3920,      3657
      3671,      3932,      3924,      3661
      3333,      3675,      3936,      3664
      3338,      3679,      3940,      3669
      3342,      3683,      3944,      3673
      3346,      3687,      3948,      3677
      3350,      3691,      3952,      3681
      3354,      3695,      3956,      3685
      3358,      3699,      3960,      3689
      3362,      3703,      3964,      3693
      3366,      3707,      3795,      3697
      3370,      5227,      3711,      3701
      3382,      3715,      3792,      3706
      3386,      3719,      3796,      3709
      3390,      3723,      3800,      3713
      3394,      3727,      3804,      3717
      3398,      3731,      3808,      3721
      3402,      3735,      3812,      3725
      3406,      3739,      3816,      3729
      3410,      3743,      3820,      3733
      3414,      3747,      3824,      3737
      3418,      3751,      3828,      3741
      3755,      3840,      3832,      3745
      3417,      3759,      3844,      3748
      3422,      3763,      3848,      3753
      3426,      3767,      3852,      3757
      3430,      3771,      3856,      3761
      3434,      3775,      3860,      3765
      3438,      3779,      3864,      3769
      3442,      3783,      3868,      3773
      3446,      3787,      3872,      3777
      3450,      3791,      3876,      3781
      3454,      3462,      3880,      3785
      3710,      3799,      3965,      3702
      3714,      3803,      4209,      3793
      3718,      3807,      4212,      3797
      3722,      3811,      4216,      3801
      3726,      3815,      4220,      3805
      3730,      3819,      4224,      3809
      3734,      3823,      4228,      3813
      3738,      3827,      4232,      3817
      3742,      3831,      4236,      3821
      3746,      3835,      4240,      3825
      3750,      3839,      4244,      3829
      3843,      4256,      4248,      3833
      3749,      3847,      4260,      3836
      3754,      3851,      4264,      3841
      3758,      3855,      4271,      3845
      3762,      3859,      4268,      3849
      3766,      3863,      4272,      3853
      3770,      3867,      4276,      3857
      3774,      3871,      4280,      3861
      3778,      3875,      4284,      3865
      3782,      3879,      4288,      3869
      3786,      3883,      4292,      3873
      3790,      3466,      3971,      3877
      3626,      3891,      4121,      3618
      3630,      3895,      4124,      3885
      3634,      3899,      4128,      3889
      3638,      3903,      4132,      3893
      3642,      3907,      4136,      3897
      3646,      3911,      4140,      3901
      3650,      3915,      4144,      3905
      3654,      3919,      4148,      3909
      3658,      3923,      4152,      3913
      3662,      3927,      4156,      3917
      3666,      3931,      4160,      3921
      3935,      4172,      4164,      3925
      3665,      3939,      4176,      3928
      3670,      3943,      4180,      3933
      3674,      3947,      4184,      3937
      3678,      3951,      4188,      3941
      3682,      3955,      4192,      3945
      3686,      3959,      4196,      3949
      3690,      3963,      4200,      3953
      3694,      3967,      4204,      3957
      3698,      3794,      4208,      3961
      3470,      3975,      4293,      3882
      3474,      3979,      4380,      3969
      3478,      3983,      4384,      3973
      3482,      3987,      4388,      3977
      3486,      3991,      4392,      3981
      3490,      3995,      4396,      3985
      3494,      3999,      4400,      3989
      3498,      4003,      4404,      3993
      3502,      4007,      4408,      3997
      4011,      4420,      4412,      4001
      3501,      4015,      4424,      4004
      3506,      4019,      4428,      4009
      3510,      4023,      4432,      4013
      3514,      4027,      4436,      4017
      3518,      4031,      4440,      4021
      3522,      4035,      4444,      4025
      3526,      4038,      4299,      4029
      3534,      4043,      4033,      3530
      3538,      4047,      4296,      4037
      3542,      4051,      4300,      4041
      3546,      4055,      4304,      4045
      3550,      4059,      4308,      4049
      3554,      4063,      4312,      4053
      3558,      4067,      4316,      4057
      3562,      4071,      4320,      4061
      3566,      4074,      4324,      4065
      3574,      4079,      4069,      3570
      3578,      4083,      4328,      4073
      4087,      4340,      4332,      4077
      3577,      4091,      4344,      4080
      3582,      4095,      4348,      4085
      3586,      4099,      4352,      4089
      3590,      4103,      4356,      4093
      3594,      4107,      4360,      4097
      3598,      4111,      4364,      4101
      3602,      4115,      4368,      4105
      3606,      4119,      4372,      4109
      3610,      4123,      4376,      4113
      3614,      3886,      4127,      4117
      3890,      4131,      4377,      4122
      3894,      4135,      4448,      4125
      3898,      4139,      4452,      4129
      3902,      4143,      4456,      4133
      3906,      4147,      4460,      4137
      3910,      4151,      4464,      4141
      3914,      4155,      4468,      4145
      3918,      4159,      4472,      4149
      3922,      4163,      4476,      4153
      3926,      4167,      4480,      4157
      3930,      4171,      4484,      4161
      4175,      4496,      4488,      4165
      3929,      4179,      4500,      4168
      3934,      4183,      4504,      4173
      3938,      4187,      4508,      4177
      3942,      4191,      4512,      4181
      3946,      4195,      4516,      4185
      3950,      4199,      4520,      4189
      3954,      4203,      4524,      4193
      3958,      4207,      4528,      4197
      3962,      4211,      4532,      4201
      3966,      3798,      4215,      4205
      3802,      4219,      4533,      4210
      3806,      4223,      4536,      4213
      3810,      4227,      4540,      4217
      3814,      4231,      4544,      4221
      3818,      4235,      4548,      4225
      3822,      4239,      4552,      4229
      3826,      4243,      4556,      4233
      3830,      4247,      4560,      4237
      3834,      4251,      4564,      4241
      3838,      4255,      4568,      4245
      4259,      4580,      4572,      4249
      3837,      4263,      4584,      4252
      3842,      4267,      4588,      4257
      3846,      4270,      4592,      4261
      3854,      4275,      4265,      3850
      3858,      4279,      4596,      4269
      3862,      4283,      4600,      4273
      3866,      4287,      4604,      4277
      3870,      4291,      4608,      4281
      3874,      4295,      4612,      4285
      3878,      3970,      4383,      4289
      4042,      4303,      4445,      4034
      4046,      4307,      4616,      4297
      4050,      4311,      4620,      4301
      4054,      4315,      4624,      4305
      4058,      4319,      5233,      4309
      4062,      4323,      5234,      4313
      4066,      4327,      4628,      4317
      4070,      4331,      4632,      4321
      4078,      4335,      4636,      4325
      4082,      4339,      4640,      4329
      4343,      4652,      4644,      4333
      4081,      4347,      4656,      4336
      4086,      4351,      4660,      4341
      4090,      4355,      4664,      4345
      4094,      4359,      4668,      4349
      4098,      4363,      4672,      4353
      4102,      4367,      4676,      4357
      4106,      4371,      4680,      4361
      4110,      4375,      4684,      4365
      4114,      4379,      4688,      4369
      4118,      4126,      4451,      4373
      3974,      4387,      4613,      4294
      3978,      4391,      4897,      4381
      3982,      4395,      4964,      4385
      3986,      4399,      4968,      4389
      3990,      4403,      4975,      4393
      3994,      4407,      4972,      4397
      3998,      4411,      4976,      4401
      4002,      4415,      4980,      4405
      4006,      4419,      4984,      4409
      4423,      4996,      4988,      4413
      4005,      4427,      5000,      4416
      4010,      4431,      5004,      4421
      4014,      4435,      5008,      4425
      4018,      4439,      5237,      4429
      4022,      4443,      4778,      4433
      4026,      4447,      4779,      4437
      4030,      4298,      4619,      4441
      4130,      4455,      4689,      4378
      4134,      4459,      4692,      4449
      4138,      4463,      4696,      4453
      4142,      4467,      4700,      4457
      4146,      4471,      4704,      4461
      4150,      4475,      4708,      4465
      4154,      4479,      4712,      4469
      4158,      4483,      4716,      4473
      4162,      4487,      4720,      4477
      4166,      4491,      4724,      4481
      4170,      4495,      4728,      4485
      4499,      4740,      4732,      4489
      4169,      4503,      4744,      4492
      4174,      4507,      4748,      4497
      4178,      4511,      4752,      4501
      4182,      4515,      4756,      4505
      4186,      4519,      4760,      4509
      4190,      4523,      4764,      4513
      4194,      4527,      4768,      4517
      4198,      4531,      5257,      4521
      4202,      4535,      5261,      4525
      4206,      4214,      4539,      4529
      4218,      4543,      5262,      4534
      4222,      4547,      5267,      4537
      4226,      4551,      4772,      4541
      4230,      4555,      4824,      4545
      4234,      4559,      4828,      4549
      4238,      4563,      4832,      4553
      4242,      4567,      4836,      4557
      4246,      4571,      4840,      4561
      4250,      4575,      4844,      4565
      4254,      4579,      4848,      4569
      4583,      4860,      4852,      4573
      4253,      4587,      4864,      4576
      4258,      4591,      4868,      4581
      4262,      4595,      4872,      4585
      4266,      4599,      4876,      4589
      4274,      4603,      4880,      4593
      4278,      4607,      4884,      4597
      4282,      4611,      4888,      4601
      4286,      4615,      4892,      4605
      4290,      4382,      4896,      4609
      4302,      4623,      4776,      4446
      4306,      4627,      5239,      4617
      4310,      5232,      4783,      4621
      4322,      4635,      4780,      5235
      4326,      4639,      4784,      4629
      4330,      4643,      4788,      4633
      4334,      4647,      4792,      4637
      4338,      4651,      4796,      4641
      4655,      4808,      4800,      4645
      4337,      4659,      4812,      4648
      4342,      4663,      4816,      4653
      4346,      4667,      5248,      4657
      4350,      4671,      5240,      4661
      4354,      4675,      4820,      4665
      4358,      4679,      5271,      4669
      4362,      4683,      4702,      4673
      4366,      4687,      4698,      4677
      4370,      4691,      4694,      4681
      4374,      4450,      4695,      4685
      4454,      4699,      4686,      4690
      4458,      4703,      4682,      4693
      4462,      4707,      4678,      4697
      4466,      4711,      5268,      4701
      4470,      4715,      4900,      4705
      4474,      4719,      4904,      4709
      4478,      4723,      4908,      4713
      4482,      4727,      4912,      4717
      4486,      4731,      4916,      4721
      4490,      4735,      4920,      4725
      4494,      4739,      4924,      4729
      4743,      4936,      4928,      4733
      4493,      4747,      4940,      4736
      4498,      4751,      4944,      4741
      4502,      4755,      4948,      4745
      4506,      4759,      4952,      4749
      4510,      4763,      4956,      4753
      4514,      4767,      4960,      4757
      4518,      4771,      4826,      4761
      4522,      5256,      4774,      4765
      4546,      4827,      4770,      5264
      4618,      5238,      4438,      4442
      4630,      4787,      5010,      4626
      4634,      4791,      5006,      4781
      4638,      4795,      5096,      4785
      4642,      4799,      5100,      4789
      4646,      4803,      5104,      4793
      4650,      4807,      5108,      4797
      4811,      5274,      5112,      4801
      4649,      4815,      5050,      4804
      4654,      4819,      5046,      4809
      4658,      5251,      5042,      4813
      4670,      5270,      5015,      5241
      4550,      4831,      4766,      4773
      4554,      4835,      4961,      4825
      4558,      4839,      4962,      4829
      4562,      4843,      4958,      4833
      4566,      4847,      5124,      4837
      4570,      4851,      5118,      4841
      4574,      4855,      5094,      4845
      4578,      4859,      5058,      4849
      4863,      5277,      5054,      4853
      4577,      4867,      5060,      4856
      4582,      4871,      5064,      4861
      4586,      4875,      5068,      4865
      4590,      4879,      5072,      4869
      4594,      4883,      5076,      4873
      4598,      4887,      5080,      4877
      4602,      4891,      5087,      4881
      4606,      4895,      5084,      4885
      4610,      4899,      5088,      4889
      4614,      4386,      4967,      4893
      4710,      4907,      5012,      5269
      4714,      4911,      5016,      4901
      4718,      4915,      5017,      4905
      4722,      4919,      5020,      4909
      4726,      4923,      5024,      4913
      4730,      4927,      5028,      4917
      4734,      4931,      5032,      4921
      4738,      4935,      5036,      4925
      4939,      5052,      5282,      4929
      4737,      4943,      5056,      4932
      4742,      4947,      5092,      4937
      4746,      4951,      5116,      4941
      4750,      4955,      5126,      4945
      4754,      4959,      5127,      4949
      4758,      4963,      4838,      4953
      4762,      4830,      4834,      4957
      4390,      4971,      5089,      4898
      4394,      4974,      5120,      4965
      4402,      4979,      4969,      4398
      4406,      4983,      5128,      4973
      4410,      4987,      5132,      4977
      4414,      4991,      5136,      4981
      4418,      4995,      5140,      4985
      4999,      5154,      5144,      4989
      4417,      5003,      5156,      4992
      4422,      5007,      5099,      4997
      4426,      5011,      4786,      5001
      4430,      5236,      4782,      5005
      4902,      5019,      5245,      4822
      4906,      4910,      5023,      5013
      4914,      5027,      5246,      5018
      4918,      5031,      5254,      5021
      4922,      5035,      5040,      5025
      4926,      5039,      5044,      5029
      4930,      5281,      5048,      5033
      5030,      5047,      4818,      5255
      5034,      5051,      4814,      5041
      5038,      5275,      4810,      5045
      4933,      5059,      4858,      5285
      4938,      5095,      4854,      5053
      4862,      5067,      5170,      5278
      4866,      5071,      5166,      5061
      4870,      5075,      5167,      5065
      4874,      5079,      5134,      5069
      4878,      5083,      5130,      5073
      4882,      5086,      5122,      5077
      4890,      5091,      5081,      4886
      4894,      4966,      5123,      5085
      4942,      5119,      4850,      5057
      4790,      5103,      5157,      5002
      4794,      5107,      5158,      5097
      4798,      5111,      5152,      5101
      4802,      5115,      5149,      5105
      4806,      5273,      5160,      5109
      4946,      5125,      4846,      5093
      4970,      5131,      5082,      5090
      4842,      5117,      4950,      4954
      4978,      5135,      5078,      5121
      4982,      5139,      5074,      5129
      4986,      5143,      5164,      5133
      4990,      5147,      5168,      5137
      4994,      5151,      5172,      5141
      5153,      5110,      5163,      5145
      5106,      5148,      4993,      5159
      4998,      5098,      5102,      5155
      5114,      5287,      5173,      5150
      5138,      5171,      5066,      5070
      5142,      5175,      5062,      5165
      5146,      5162,      5279,      5169
      5188,      5183,      1529,      1835
      5205,      5187,      1829,      5177
      5204,      2428,      2125,      5181
      5176,      2399,      2432,      5206
      2145,      5199,      5203,      2151
      1853,      1558,      5200,      5193
      5198,      1562,      1859,      5194
      5184,      5180,      5191,      2617
      2610,      5215,      5220,      3033
      2614,      3039,      5216,      5209
      5214,      3375,      5228,      5221
      5210,      5219,      5224,      3369
      5222,      5231,      3383,      3705
      5218,      3377,      3054,      5225
      4625,      4314,      4318,      4631
      5009,      4434,      4777,      4622
      4666,      4823,      5244,      5249
      5242,      5014,      5022,      5253
      4662,      5243,      5252,      4817
      5250,      5247,      5026,      5043
      4769,      4526,      5260,      5265
      5258,      4530,      4538,      5266
      4775,      5259,      5263,      4542
      4706,      4903,      4821,      4674
      5280,      5113,      4805,      5049
      5286,      4857,      5063,      5174
      5272,      5037,      4934,      5284
      5283,      5055,      5276,      5161
